[
    {
        "key": "group_new_yacht_video_url",
        "title": "New Yacht - Video URLs",
        "fields": [
            {
                "key": "field_new_yacht_video_url",
                "label": "Video URL (ex. youtube)",
                "name": "video_url",
                "type": "repeater",
                "instructions": "Add YouTube video URLs for this yacht",
                "required": 0,
                "layout": "table",
                "button_label": "Add Video URL",
                "sub_fields": [
                    {
                        "key": "field_new_yacht_video_url_url",
                        "label": "URL",
                        "name": "url",
                        "type": "url",
                        "required": 1,
                        "placeholder": "https://www.youtube.com/watch?v=..."
                    }
                ]
            }
        ],
        "location": [
            [
                {
                    "param": "post_type",
                    "operator": "==",
                    "value": "new_yacht"
                }
            ]
        ],
        "position": "normal",
        "style": "default",
        "active": true
    }
]